Customer ID;Name;Gender;Zipcode ID;Latitude;Longitude;Province;AccM_id
1;Guy ;M;7705;52,62325436;6,494680066;Drenthe;1049
2;Gökan ;M;7740;52,66820789;6,751541257;Drenthe;1047
3;Gökay ;M;7741;52,66463546;6,743653919;Drenthe;1046
4;Gökhan ;M;7742;52,66067489;6,849031352;Drenthe;1047
5;Gökçe ;F;7751;52,70149007;6,757099964;Drenthe;1045
6;Gönül ;F;7753;52,68090016;6,662081589;Drenthe;1045
7;Görkem ;M;7754;52,71999038;6,729649236;Drenthe;1048
8;Gözde ;F;7755;52,68222599;6,788179534;Drenthe;1046
9;Gül ;F;7756;52,68607545;6,766416635;Drenthe;1048
10;Gülay ;F;7760;52,65807958;6,895607448;Drenthe;1048
11;Gülbahar ;F;7761;52,659066;6,887821831;Drenthe;1049
12;Gülcan ;F;7764;52,689733;6,868803666;Drenthe;1047
13;Gülden ;F;7765;52,6724303;6,973796877;Drenthe;1047
14;Güler ;F;7766;52,64101858;7,015838969;Drenthe;1048
15;Hafize ;F;7800;52,7843373;6,920110674;Drenthe;1047
16;Hafsa ;F;7801;52,7843373;6,920110674;Drenthe;1046
17;Hafssa ;F;7811;52,78266632;6,893251433;Drenthe;1045
18;Hagar ;F;7812;52,77084731;6,89176892;Drenthe;1048
19;Hager ;F;7813;52,75728227;6,868274148;Drenthe;1046
20;Hai ;M;7814;52,73995509;6,865028668;Drenthe;1046
21;Haico ;M;7815;52,80131932;6,898062145;Drenthe;1048
22;Haidar ;M;7821;52,77505936;6,91346123;Drenthe;1047
23;Haider ;M;7822;52,78499389;6,902202614;Drenthe;1049
24;Haije ;M;7823;52,79701933;6,933257154;Drenthe;1046
25;Haiko ;M;7824;52,783022;6,939200097;Drenthe;1048
26;Hailey ;F;7825;52,7556752;6,917516229;Drenthe;1049
27;Haitam ;M;7826;52,77029787;6,954000137;Drenthe;1047
28;Hajar ;M;7827;52,74754184;6,900258616;Drenthe;1046
29;Hajar ;F;7828;52,73439581;6,908065209;Drenthe;1048
30;Hajer ;F;7831;52,86878019;7,010086017;Drenthe;1048
31;Hajo ;M;7833;52,71495608;6,853059524;Drenthe;1049
32;Hakan ;M;7841;52,76979479;6,804615113;Drenthe;1045
33;Hakim ;M;7842;52,77055244;6,819236172;Drenthe;1047
34;Hakima ;F;7843;52,74434623;6,828360395;Drenthe;1046
35;Hakki ;M;7844;52,7047449;6,843502187;Drenthe;1047
36;Hala ;F;7845;52,72090584;6,828028634;Drenthe;1048
37;Halbe ;M;7846;52,78763078;6,806114746;Drenthe;1046
38;Hale ;F;7847;52,8159097;6,831676564;Drenthe;1048
39;Haley ;F;7848;52,82621745;6,779980681;Drenthe;1046
40;Halil ;M;7849;52,86680953;6,743741712;Drenthe;1046
41;Halim ;M;7851;52,80044186;6,737124415;Drenthe;1047
42;Halima ;F;7852;52,81099764;6,722353954;Drenthe;1048
43;Halime ;F;7853;52,84168345;6,720462639;Drenthe;1045
44;Halit ;M;7854;52,54796078;6,54716732;Drenthe;1046
45;Hamda ;F;7855;52,78292683;6,699230574;Drenthe;1048
46;Hamdi ;M;7856;52,77221705;6,750442989;Drenthe;1046
47;Hamdi ;F;7858;52,86906003;6,769888388;Drenthe;1048
48;Hamed ;M;7859;52,86965454;6,774500253;Drenthe;1047
49;Hamid ;M;7861;52,7564352;6,720287832;Drenthe;1045
50;Hamida ;F;7863;52,75064745;6,689995665;Drenthe;1045
51;Hamide ;F;7864;52,70423946;6,677475711;Drenthe;1045
52;Hamit ;M;7871;52,83031225;6,856475314;Drenthe;1047
53;Hamsa ;M;7872;52,84707336;6,893394935;Drenthe;1045
54;Hamse ;M;7873;52,85138832;6,848191342;Drenthe;1049
55;Hamza ;M;7874;52,84066098;6,824739635;Drenthe;1048
56;Hamza ;F;7875;52,88590395;6,861771506;Drenthe;1048
57;Hamzah ;M;7876;52,90239039;7,004064858;Drenthe;1045
58;Hamze ;M;7877;52,87216431;6,999743388;Drenthe;1045
59;Han ;M;7881;52,8056668;6,992260778;Drenthe;1049
60;Hana ;F;7884;52,75676018;7,048281784;Drenthe;1047
61;Ad ;M;1300;52,41690712;5,219714125;Flevoland;1006
62;Ada ;F;1301;52,41690712;5,219714125;Flevoland;1006
63;Adaja ;F;1302;52,41690712;5,219714125;Flevoland;1005
64;Adam ;M;1303;52,41690712;5,219714125;Flevoland;1008
65;Adel ;M;1305;52,41690712;5,219714125;Flevoland;1005
66;Adela ;F;1309;52,36616947;5,166561399;Flevoland;1007
67;Adelheid ;F;1311;52,36910794;5,183745097;Flevoland;1006
68;Adelina ;F;1312;52,37222102;5,190193446;Flevoland;1009
69;Adeline ;F;1313;52,38232015;5,19983847;Flevoland;1007
70;Adem ;M;1314;52,38164542;5,211919564;Flevoland;1005
71;Aden ;M;1315;52,37009441;5,218084789;Flevoland;1008
72;Adham ;M;1316;52,39302759;5,208573558;Flevoland;1006
73;Adi ;M;1317;52,38912514;5,231795558;Flevoland;1009
74;Adib ;M;1318;52,38016517;5,254024728;Flevoland;1009
75;Adil ;M;1319;52,38597427;5,183913305;Flevoland;1007
76;Adilson ;M;1320;52,36868381;5,215788784;Flevoland;1007
77;Adina ;F;1321;52,35732336;5,185899804;Flevoland;1005
78;Adinda ;F;1322;52,35202389;5,189014267;Flevoland;1006
79;Adis ;M;1323;52,36423716;5,198784317;Flevoland;1008
80;Adisa ;F;1324;52,36315725;5,209698809;Flevoland;1008
81;Aditya ;M;1325;52,36520999;5,241136187;Flevoland;1005
82;Adjai ;M;1326;52,37304046;5,244694307;Flevoland;1008
83;Admir ;M;1327;52,36157898;5,265784066;Flevoland;1005
84;Adna ;F;1328;52,37933044;5,258883012;Flevoland;1007
85;Adnan ;M;1329;52,3668419;5,273161918;Flevoland;1007
86;Adnane ;M;1331;52,41797621;5,267802562;Flevoland;1005
87;Adne ;M;1332;52,40920504;5,260615581;Flevoland;1008
88;Adolf ;M;1333;52,39612548;5,256668296;Flevoland;1009
89;Adri ;M;1334;52,3962191;5,278017475;Flevoland;1008
90;Adriaan ;M;1335;52,40123093;5,284190605;Flevoland;1006
91;Adriaantje ;F;1336;52,40189559;5,330723282;Flevoland;1009
92;Adrian ;M;1338;52,38721684;5,288568334;Flevoland;1007
93;Adriana ;Female;1339;52,39205335;5,300951911;Flevoland;1005
94;Adriane ;Female;1341;52,34726726;5,288447311;Flevoland;1006
95;Adrianne ;Female;1343;52,3359392;5,303499723;Flevoland;1007
96;Adriano ;M;1349;52,34758213;5,32100747;Flevoland;1009
97;Adrianus ;M;1351;52,34705759;5,213079104;Flevoland;1007
98;Adrie ;M;1352;52,34207326;5,221040744;Flevoland;1007
99;Adrie ;F;1353;52,33716535;5,204940064;Flevoland;1006
100;Adrienne ;F;1354;52,33851247;5,21522037;Flevoland;1007
101;Adriënne ;F;1355;52,3476382;5,230471666;Flevoland;1006
102;Aemilius ;M;1356;52,33789004;5,233252936;Flevoland;1009
103;Aernout ;M;1357;52,33431689;5,220150823;Flevoland;1006
104;Afaf ;F;1358;52,33006441;5,243978671;Flevoland;1007
105;Afke ;F;1359;52,34129417;5,191162318;Flevoland;1007
106;Afra ;F;1361;52,34241414;5,134126353;Flevoland;1009
107;Agata ;F;1362;52,35367292;5,170750712;Flevoland;1005
108;Agatha ;F;1363;52,3581409;5,145273794;Flevoland;1009
109;Charel ;M;3890;52,3575537;5,510189303;Flevoland;1009
110;Huiberdina ;F;8388;52,89591272;6,153957192;Fryslân;1052
111;Huibert ;M;8389;52,91384332;6,149772797;Fryslân;1053
112;Huibertje ;F;8390;52,89235585;6,137813363;Fryslân;1053
113;Huibertus ;M;8391;52,89021371;6,140890027;Fryslân;1052
114;Huibrecht ;M;8392;52,90928081;6,198672482;Fryslân;1052
115;Huig ;M;8393;52,87217195;6,111810261;Fryslân;1050
116;Hulya ;F;8394;52,89788872;6,093007467;Fryslân;1053
117;Humphrey ;M;8395;52,86635125;6,061308565;Fryslân;1053
118;Hung ;M;8396;52,8593095;6,050117176;Fryslân;1051
119;Huriye ;F;8397;52,83730174;6,048941502;Fryslân;1052
120;Husein ;M;8398;52,82702574;6,020722554;Fryslân;1052
121;Huseyin ;M;8400;52,99773006;6,065931384;Fryslân;1050
122;Husna ;F;8401;53,01234036;6,070144222;Fryslân;1054
123;Hussain ;M;8403;52,97492895;6,037578889;Fryslân;1051
124;Hussein ;M;8404;52,98215587;5,988615859;Fryslân;1051
125;Huub ;M;8405;52,99411125;5,985780422;Fryslân;1050
126;Huy ;M;8406;53,02694763;5,992274762;Fryslân;1051
127;Hylke ;M;8407;53,01782794;6,053086356;Fryslân;1052
128;Hylke ;F;8408;53,01832144;6,112193058;Fryslân;1052
129;Hylkje ;F;8409;53,0317328;6,137115427;Fryslân;1052
130;Hymke ;F;8410;52,99264848;6,097756709;Fryslân;1050
131;Hélène ;F;8411;52,98315532;6,088360385;Fryslân;1050
132;Hülya ;F;8412;52,99292208;6,154763659;Fryslân;1051
133;Hümeyra ;F;8413;52,97153066;6,082396949;Fryslân;1054
134;Hüseyin ;M;8414;52,95117234;6,065338992;Fryslân;1052
135;IJsbrand ;M;8415;52,96874747;6,059677612;Fryslân;1054
136;Iain ;M;8420;52,92221546;6,112397472;Fryslân;1053
137;Ian ;M;8421;52,93882726;6,133449828;Fryslân;1052
138;Ianthe ;F;8422;52,95646923;6,189354436;Fryslân;1053
139;Ibe ;M;8423;52,96717182;6,219842264;Fryslân;1051
140;Iboya ;F;8424;52,94141003;6,235957542;Fryslân;1053
141;Ibrahim ;M;8425;52,96241043;6,280264367;Fryslân;1051
142;Ibtisam ;F;8426;52,95579434;6,347921509;Fryslân;1050
143;Ibtisame ;F;8427;52,9652515;6,379209634;Fryslân;1053
144;Ibtissam ;F;8428;52,96933136;6,331309328;Fryslân;1050
145;Ibtissame ;F;8430;52,99115538;6,290617304;Fryslân;1052
146;Ichelle ;F;8431;52,9955155;6,289275435;Fryslân;1054
147;Ida ;F;8432;53,04853757;6,341638994;Fryslân;1050
148;Iddo ;M;8433;53,06341914;6,309070844;Fryslân;1050
149;Ide ;M;8434;53,04336349;6,255604614;Fryslân;1054
150;Idil ;F;8435;53,02015553;6,235754375;Fryslân;1050
151;Ids ;M;8440;52,96718813;5,924980572;Fryslân;1053
152;Idse ;M;8441;52,96934095;5,910805583;Fryslân;1051
153;Idske ;F;8442;52,96003918;5,923252703;Fryslân;1054
154;Iefke ;F;8443;52,94590213;5,935122956;Fryslân;1051
155;Ieke ;F;8444;52,93124603;5,95755857;Fryslân;1054
156;Iemke ;F;8445;52,9456781;5,929642135;Fryslân;1054
157;Ietje ;F;8446;52,9531965;5,910379503;Fryslân;1050
158;Ifrah ;F;8447;52,96099492;5,904949269;Fryslân;1052
159;Iggy ;M;8448;52,96267786;5,948878189;Fryslân;1051
160;Ignatius ;M;8449;52,98513475;5,920704603;Fryslân;1050
161;Igor ;M;8451;52,93886034;5,953276095;Fryslân;1051
162;Ihab ;M;8452;52,9333471;5,931631675;Fryslân;1052
163;Ihsan ;M;8453;52,94380566;5,952222114;Fryslân;1051
164;Ihsane ;F;8454;52,93570308;6,001307266;Fryslân;1054
165;Celia ;F;3770;52,1371217;5,594649268;Gelderland;1024
166;Celil ;M;3771;52,14662644;5,580479154;Gelderland;1022
167;Celina ;F;3772;52,1375174;5,578713999;Gelderland;1021
168;Celine ;F;3773;52,13701814;5,602628452;Gelderland;1024
169;Cem ;M;3774;52,16192031;5,679007514;Gelderland;1021
170;Cemal ;M;3775;52,15069839;5,740737724;Gelderland;1023
171;Cemil ;M;3776;52,17922979;5,703655974;Gelderland;1024
172;Cemile ;F;3780;52,17231149;5,57876341;Gelderland;1020
173;Cemre ;F;3781;52,18544354;5,609945908;Gelderland;1023
174;Cengiz ;M;3784;52,15271877;5,512070235;Gelderland;1021
175;Cengizhan ;M;3785;52,17854573;5,500971952;Gelderland;1024
176;Ceren ;F;3792;52,14059941;5,50891812;Gelderland;1023
177;Ceriel ;M;3794;52,11964195;5,514156051;Gelderland;1020
178;Chama ;F;3840;52,35226607;5,621717279;Gelderland;1023
179;Chamilla ;F;3841;52,34486023;5,622106327;Gelderland;1022
180;Chana ;F;3842;52,33852184;5,623170963;Gelderland;1020
181;Chandeni ;F;3843;52,33284795;5,627737806;Gelderland;1024
182;Chandenie ;F;3844;52,33425462;5,610311787;Gelderland;1022
183;Chandni ;F;3845;52,3221769;5,60061551;Gelderland;1023
184;Chandra ;F;3846;52,35603729;5,64045401;Gelderland;1024
185;Chanel ;F;3847;52,32570356;5,65121978;Gelderland;1024
186;Chanell ;F;3848;52,34945623;5,649097592;Gelderland;1020
187;Chanella ;F;3849;52,35729337;5,677367115;Gelderland;1022
188;Chanelle ;F;3850;52,28986309;5,615486605;Gelderland;1020
189;Chanelva ;F;3851;52,29368268;5,613247131;Gelderland;1020
190;Chanice ;F;3852;52,32463548;5,63218125;Gelderland;1023
191;Chanika ;F;3853;52,30022197;5,59912948;Gelderland;1024
192;Chanine ;F;3860;52,21904766;5,478678774;Gelderland;1022
193;Chanique ;F;3861;52,25519848;5,466773037;Gelderland;1023
194;Channa ;F;3862;52,21963425;5,485272382;Gelderland;1021
195;Channah ;F;3863;52,2191013;5,465912994;Gelderland;1024
196;Chanou ;F;3864;52,19457787;5,467717352;Gelderland;1022
197;Chantal ;F;3870;52,17619706;5,461064729;Gelderland;1020
198;Chantall ;F;3871;52,17608457;5,457726872;Gelderland;1020
199;Chantalle ;F;3880;52,26017725;5,597499275;Gelderland;1022
200;Chantelle ;F;3881;52,26816571;5,611198852;Gelderland;1021
201;Chanté ;F;3882;52,25245508;5,604161422;Gelderland;1021
202;Charaf ;M;3886;52,23048151;5,71547589;Gelderland;1020
203;Charafeddine ;M;3888;52,26106393;5,782594267;Gelderland;1023
204;Charlie ;F;3925;52,83426198;5,874949872;Gelderland;1023
205;Chen ;F;4000;51,88943245;5,423554752;Gelderland;1024
206;Chendo ;M;4001;51,8817331;5,432227532;Gelderland;1024
207;Cheng ;M;4002;51,88979795;5,418010115;Gelderland;1022
208;Chenna ;F;4003;51,89733141;5,408081164;Gelderland;1021
209;Chenoa ;F;4004;51,90709664;5,457433248;Gelderland;1021
210;Cher ;F;4005;51,89901516;5,442461814;Gelderland;1021
211;Cheraine ;F;4006;51,88008373;5,416962944;Gelderland;1023
212;Cherell ;F;4007;51,87242757;5,39487546;Gelderland;1022
213;Cherelle ;F;4010;51,89802446;5,392726258;Gelderland;1024
214;Cherida ;F;4011;51,933885;5,451146052;Gelderland;1024
215;Cherilyn ;F;4012;51,89782726;5,381451746;Gelderland;1023
216;Cherina ;F;4013;51,88114343;5,370590328;Gelderland;1021
217;Cherinda ;F;4014;51,85853574;5,359392095;Gelderland;1020
218;Cherine ;F;4016;51,88837049;5,367312019;Gelderland;1022
219;Cherique ;F;4017;51,89531872;5,396779246;Gelderland;1023
220;Cherise ;F;4020;51,95972619;5,41203731;Gelderland;1020
221;Cherish ;F;4021;51,95911805;5,424076394;Gelderland;1024
222;Cherissa ;F;4023;51,94901954;5,376096328;Gelderland;1023
223;Chermaine ;F;4024;51,97072944;5,455746781;Gelderland;1021
224;Cherrel ;F;4030;51,95938412;5,490094438;Gelderland;1020
225;Cherrelle ;F;4031;51,96039973;5,484550659;Gelderland;1020
226;Cherry ;F;4032;51,94959496;5,489729954;Gelderland;1023
227;Cherryl ;F;4033;51,94666804;5,567192264;Gelderland;1021
228;Cheryl ;F;4040;51,9341107;5,574412291;Gelderland;1021
229;Cheryll ;F;4041;51,93018037;5,576506927;Gelderland;1020
230;Chesney ;M;4043;51,92760841;5,630390442;Gelderland;1024
231;Jeftha ;M;9350;53,16328764;6,393084585;Groningen;1055
232;Jelani ;M;9351;53,16647763;6,367488095;Groningen;1058
233;Jelco ;M;9354;53,12452407;6,346872768;Groningen;1057
234;Jelena ;F;9355;53,20202825;6,380812666;Groningen;1058
235;Jelger ;M;9356;53,17242364;6,360646523;Groningen;1057
236;Jelisa ;F;9359;53,20463861;6,330919611;Groningen;1058
237;Jelka ;F;9361;53,19450496;6,327632546;Groningen;1056
238;Jelke ;M;9362;53,17923303;6,32466644;Groningen;1058
239;Jelke ;F;9363;53,14557027;6,264174996;Groningen;1055
240;Jella ;F;9364;53,14978051;6,296194197;Groningen;1055
241;Jelle ;M;9365;53,16373789;6,331514903;Groningen;1055
242;Jellie ;F;9366;53,13369795;6,309928634;Groningen;1059
243;Jelly ;F;9367;53,11855872;6,26083206;Groningen;1059
244;Jesmer ;M;9479;53,11980103;6,666669693;Groningen;1057
245;Jinte ;F;9609;53,18585417;6,649398711;Groningen;1058
246;Jinthe ;F;9610;53,1642219;6,77772224;Groningen;1057
247;Jip ;M;9611;53,16778239;6,779166214;Groningen;1057
248;Jip ;F;9615;53,18276646;6,737309862;Groningen;1055
249;Jippe ;M;9616;53,18477632;6,703475906;Groningen;1059
250;Jiri ;M;9617;53,21981715;6,68081731;Groningen;1055
251;Jiry ;M;9618;53,22732511;6,727681205;Groningen;1058
252;Jisca ;F;9619;53,1910002;6,782714542;Groningen;1057
253;Jisk ;M;9620;53,22043757;6,805245093;Groningen;1055
254;Jiska ;F;9621;53,22312157;6,800366055;Groningen;1059
255;Jiske ;F;9623;53,23907682;6,716823673;Groningen;1056
256;Jisse ;M;9624;53,25186333;6,736052208;Groningen;1056
257;Jisse ;F;9625;53,28377985;6,784508826;Groningen;1057
258;Jits ;M;9626;53,23360893;6,815710652;Groningen;1057
259;Jitse ;M;9627;53,23905397;6,83711504;Groningen;1059
260;Jitske ;F;9628;53,25071783;6,863340563;Groningen;1057
261;Jitte ;F;9629;53,27815449;6,842780978;Groningen;1057
262;Jitze ;M;9631;53,10507279;6,827243963;Groningen;1059
263;Jivan ;M;9632;53,13277225;6,808182918;Groningen;1059
264;Jo ;M;9633;53,13951056;6,821365102;Groningen;1059
265;Jo ;F;9635;53,19795082;6,872920919;Groningen;1055
266;Jo-Ann ;F;9636;53,18046363;6,873873957;Groningen;1059
267;Jo-Anne ;F;9640;53,10672544;6,881929097;Groningen;1058
268;Jo-ann ;F;9641;53,10509216;6,870436615;Groningen;1059
269;Jo-anne ;F;9642;53,09219094;6,851798231;Groningen;1058
270;Joachim ;M;9644;53,09530253;6,92120437;Groningen;1059
271;Joah ;M;9645;53,11927127;6,873006615;Groningen;1055
272;Joakim ;M;9646;53,11654463;6,863646921;Groningen;1059
273;Joan ;M;9648;53,05521207;6,84893434;Groningen;1056
274;Joan ;F;9649;53,13680181;6,855335932;Groningen;1058
275;Joana ;F;9651;53,13659018;6,904867877;Groningen;1058
276;Joany ;F;9661;53,05084248;6,994267461;Groningen;1057
277;Joao ;M;9663;53,06738584;6,945293837;Groningen;1055
278;Joaquim ;M;9663;53,06738584;6,945293837;Groningen;1057
279;Joaquin ;M;9665;53,09934857;7,003535179;Groningen;1055
280;Joas ;M;9670;53,14100391;7,035655283;Groningen;1055
281;Job ;M;9671;53,14260456;7,026534707;Groningen;1055
282;Jobbe ;M;9672;53,14247122;7,050394446;Groningen;1056
283;Jobje ;F;9673;53,13591684;7,038507454;Groningen;1055
284;Jocelyn ;F;9674;53,14828785;7,020673065;Groningen;1055
285;Jocelyne ;F;9675;53,14896794;7,035821245;Groningen;1058
286;Jochem ;M;9677;53,16153446;6,999017097;Groningen;1055
287;Jochen ;M;9678;53,14399998;6,981968104;Groningen;1058
288;Jochum ;M;9679;53,16488047;6,980690034;Groningen;1056
289;Jodi ;F;9681;53,18567397;6,990273284;Groningen;1055
290;Jodie ;F;9682;53,20033967;7,046213462;Groningen;1055
291;Jody ;M;9684;53,20973256;7,139615124;Groningen;1059
292;Elianne ;F;5766;51,44832392;5,902530831;Limburg;1037
293;Elias ;M;5768;51,34142661;5,891910468;Limburg;1039
294;Elien ;F;5800;51,52246241;5,974071035;Limburg;1035
295;Eliene ;F;5801;51,52099725;5,962021897;Limburg;1036
296;Elif ;M;5802;51,51757467;5,985296451;Limburg;1036
297;Elif ;F;5803;51,53294954;5,996176843;Limburg;1038
298;Elife ;F;5804;51,53900578;5,985123776;Limburg;1035
299;Elijah ;M;5807;51,53285321;6,021607184;Limburg;1037
300;Elin ;F;5808;51,50878664;6,037839311;Limburg;1039
301;Elina ;F;5809;51,51101493;5,97751612;Limburg;1038
302;Eline ;F;5811;51,49265742;6,042911575;Limburg;1039
303;Elio ;M;5812;51,50610264;5,949477018;Limburg;1037
304;Elisa ;M;5813;51,4896084;5,891992245;Limburg;1038
305;Elisa ;F;5814;51,49170518;5,959576192;Limburg;1036
306;Elisabet ;F;5815;51,5218776;5,922681047;Limburg;1038
307;Elisabeth ;F;5816;51,55298039;5,86717455;Limburg;1037
308;Elisah ;F;5817;51,56460757;6,006069944;Limburg;1035
309;Ellemieke ;F;5853;51,65407191;6,10298849;Limburg;1039
310;Ellemijn ;F;5854;51,60096898;6,031601942;Limburg;1037
311;Ellen ;F;5855;51,55780575;6,088236042;Limburg;1036
312;Ellenoor ;F;5856;51,53638648;6,131228185;Limburg;1039
313;Elles ;F;5861;51,53623035;6,083156828;Limburg;1039
314;Ellie ;F;5862;51,54775913;6,045778094;Limburg;1036
315;Elliot ;M;5863;51,5324037;6,100278478;Limburg;1036
316;Elliott ;M;5864;51,51263695;6,083657876;Limburg;1038
317;Ellis ;F;5865;51,49168111;6,087842154;Limburg;1035
318;Elly ;F;5866;51,43814138;5,984096591;Limburg;1039
319;Elma ;F;5871;51,49599932;6,14366426;Limburg;1038
320;Claire ;F;4250;51,81513459;4,895608804;Noord-Brabant;1028
321;Clara ;F;4251;51,79793471;4,878554915;Noord-Brabant;1028
322;Clare ;F;4254;51,81474883;4,953507856;Noord-Brabant;1025
323;Clarence ;M;4255;51,77169805;4,920078638;Noord-Brabant;1029
324;Clarice ;F;4260;51,75356893;5,126828735;Noord-Brabant;1026
325;Clarissa ;F;4261;51,75253084;5,134590605;Noord-Brabant;1029
326;Clarisse ;F;4264;51,77519153;5,105187133;Noord-Brabant;1029
327;Clark ;M;4265;51,73411012;5,087056296;Noord-Brabant;1026
328;Clasina ;F;4266;51,73088069;5,049651272;Noord-Brabant;1025
329;Claudette ;F;4267;51,72246414;5,056346558;Noord-Brabant;1029
330;Claudia ;F;4268;51,73157941;5,001810728;Noord-Brabant;1027
331;Claudine ;F;4269;51,75732909;5,038225205;Noord-Brabant;1026
332;Claudio ;M;4271;51,73160892;4,967869523;Noord-Brabant;1026
333;Claudy ;F;4273;51,73903708;4,895970177;Noord-Brabant;1028
334;Clay ;M;4280;51,78263223;5,048770085;Noord-Brabant;1027
335;Clayton ;M;4281;51,78409397;5,050875818;Noord-Brabant;1028
336;Clazina ;F;4283;51,78810797;5,034581886;Noord-Brabant;1026
337;Clemens ;M;4284;51,79892684;4,982526854;Noord-Brabant;1025
338;Clement ;M;4285;51,81408953;4,995737394;Noord-Brabant;1027
339;Clementine ;F;4286;51,76788789;4,994856025;Noord-Brabant;1026
340;Clenn ;M;4287;51,77846761;5,012299392;Noord-Brabant;1027
341;Cleo ;F;4288;51,79098523;4,990866241;Noord-Brabant;1027
342;Danijela ;F;4600;51,49197827;4,288245611;Noord-Brabant;1029
343;Danika ;F;4601;51,49197827;4,288245611;Noord-Brabant;1027
344;Danila ;F;4602;51,49197827;4,288245611;Noord-Brabant;1027
345;Danilio ;M;4611;51,49277893;4,282508161;Noord-Brabant;1029
346;Danillo ;M;4612;51,49830673;4,265915758;Noord-Brabant;1029
347;Danilo ;M;4613;51,50800356;4,28265691;Noord-Brabant;1027
348;Danilson ;M;4614;51,51767253;4,313423686;Noord-Brabant;1029
349;Danine ;F;4615;51,48497244;4,289458589;Noord-Brabant;1029
350;Danique ;M;4616;51,47625934;4,288517684;Noord-Brabant;1026
351;Danique ;F;4617;51,4773266;4,269270654;Noord-Brabant;1028
352;Danischa ;F;4621;51,49076508;4,301813566;Noord-Brabant;1029
353;Danish ;M;4622;51,49818537;4,30602312;Noord-Brabant;1029
354;Danisha ;F;4623;51,49640098;4,310381794;Noord-Brabant;1025
355;Danita ;F;4624;51,48415093;4,297331161;Noord-Brabant;1028
356;Danitia ;F;4625;51,46207178;4,312416604;Noord-Brabant;1028
357;Danitsja ;F;4630;51,43304345;4,317247972;Noord-Brabant;1028
358;Daniël ;M;4631;51,42729221;4,322872238;Noord-Brabant;1028
359;Daniël ;F;4634;51,4345583;4,307060367;Noord-Brabant;1028
360;Daniëla ;F;4635;51,42828871;4,371213406;Noord-Brabant;1027
361;Daniëlla ;F;4640;51,4142187;4,322414061;Noord-Brabant;1028
362;Daniëlle ;F;4641;51,39534679;4,336669301;Noord-Brabant;1029
363;Danja ;F;4645;51,36551041;4,390251449;Noord-Brabant;1027
364;Danjella ;F;4650;51,58850312;4,32770761;Noord-Brabant;1029
365;Danne ;F;4651;51,57851191;4,318081526;Noord-Brabant;1026
366;Danni ;F;4652;51,58947919;4,326042161;Noord-Brabant;1025
367;Danniek ;F;4655;51,60988557;4,271662236;Noord-Brabant;1027
368;Dannique ;F;4660;51,516014;4,299997729;Noord-Brabant;1028
369;Danny ;M;4661;51,52449075;4,264951807;Noord-Brabant;1027
370;Danny ;F;4664;51,55049606;4,275715066;Noord-Brabant;1027
371;Dano ;M;4670;51,63163629;4,36739876;Noord-Brabant;1028
372;Dante ;M;4671;51,63537351;4,365747786;Noord-Brabant;1026
373;Danté ;M;4681;51,60299662;4,243899712;Noord-Brabant;1029
374;Daphne ;F;4700;51,53187661;4,456410799;Noord-Brabant;1025
375;Daphny ;F;4701;51,53813765;4,457666893;Noord-Brabant;1027
376;Dara ;F;4702;51,52633216;4,469041704;Noord-Brabant;1026
377;Darcy ;M;4703;51,56622264;4,447212613;Noord-Brabant;1026
378;Darcy ;F;4704;51,54616821;4,461000587;Noord-Brabant;1029
379;Dardan ;M;4705;51,55383786;4,476983347;Noord-Brabant;1027
380;Daria ;F;4706;51,52982211;4,479954776;Noord-Brabant;1026
381;Darian ;M;4707;51,51361575;4,463201396;Noord-Brabant;1025
382;Darinka ;F;4708;51,52603943;4,4337723;Noord-Brabant;1026
383;Dario ;M;4709;51,4909638;4,472339872;Noord-Brabant;1028
384;Darius ;M;4711;51,54601411;4,586672309;Noord-Brabant;1029
385;Darja ;F;4714;51,53521566;4,594171189;Noord-Brabant;1028
386;Darko ;M;4715;51,53293024;4,563180182;Noord-Brabant;1027
387;Darlene ;F;4721;51,49727005;4,562689369;Noord-Brabant;1028
388;Darnell ;M;4722;51,50074939;4,566196648;Noord-Brabant;1026
389;Daron ;M;4724;51,52589878;4,390353488;Noord-Brabant;1028
390;Darrel ;M;4725;51,48377402;4,386360615;Noord-Brabant;1028
391;Darrell ;M;4726;51,51774277;4,362839764;Noord-Brabant;1029
392;Darren ;M;4727;51,5260408;4,350106234;Noord-Brabant;1028
393;Darryl ;M;4730;51,58618318;4,539095336;Noord-Brabant;1025
394;Darshan ;M;4731;51,58271265;4,529819563;Noord-Brabant;1028
395;Darwin ;M;4735;51,55649816;4,518056481;Noord-Brabant;1027
396;Darya ;F;4741;51,57834895;4,580356123;Noord-Brabant;1025
397;Daryl ;M;4744;51,55960336;4,537555106;Noord-Brabant;1027
398;Daryll ;M;4750;51,57606103;4,41429575;Noord-Brabant;1029
399;A ;M;1077;52,3492523;4,88122329;Noord-Holland;1002
400;Aad ;M;1078;52,3480552;4,888391068;Noord-Holland;1004
401;Aafje ;F;1079;52,34346736;4,902773474;Noord-Holland;1003
402;Aafke ;F;1080;52,36233551;4,870193054;Noord-Holland;1004
403;Aagje ;F;1081;52,32632335;4,86370688;Noord-Holland;1004
404;Aagtje ;F;1082;52,331758;4,879943333;Noord-Holland;1001
405;Aalbert ;Male;1083;52,3275764;4,885970906;Noord-Holland;1000
406;Aaldert ;Male;1086;52,36093361;4,976862337;Noord-Holland;1002
407;Aaldrik ;M;1087;52,35979956;4,990340766;Noord-Holland;1001
408;Aaliyah ;Female;1090;52,37737392;4,893616034;Noord-Holland;1002
409;Aalt ;Male;1091;52,35705564;4,908929889;Noord-Holland;1002
410;Aaltje ;Female;1092;52,35672911;4,927066273;Noord-Holland;1001
411;Aaltjen ;F;1093;52,36325333;4,924685678;Noord-Holland;1003
412;Aaltsje ;F;1094;52,36029993;4,936568634;Noord-Holland;1004
413;Aantje ;Female;1095;52,36140674;4,941934705;Noord-Holland;1000
414;Aarnoud ;M;1096;52,33731367;4,936304184;Noord-Holland;1004
415;Aarnout ;M;1097;52,34957417;4,917644729;Noord-Holland;1001
416;Aaron ;M;1098;52,35140063;4,945789433;Noord-Holland;1002
417;Aart ;M;1099;52,32441119;4,926404086;Noord-Holland;1002
418;Aart-Jan ;M;1100;51,8611924;4,358999025;Noord-Holland;1000
419;Aarti ;F;1101;52,30578515;4,945392123;Noord-Holland;1001
420;Aartie ;Female;1102;52,31116813;4,952855625;Noord-Holland;1004
421;Aartje ;F;1103;52,32605487;4,978438848;Noord-Holland;1003
422;Aaya ;F;1104;52,31556514;4,979108621;Noord-Holland;1000
423;Abbas ;Male;1105;52,27867216;4,96097418;Noord-Holland;1000
424;Abbey ;F;1106;52,29977473;4,960169664;Noord-Holland;1002
425;Abby ;F;1107;52,29548969;4,992424788;Noord-Holland;1003
426;Abbygail ;F;1108;52,30632335;4,976427167;Noord-Holland;1002
427;Abd ;M;1109;52,30552757;5,01446639;Noord-Holland;1003
428;Abdalla ;M;1110;52,34096654;4,954577361;Noord-Holland;1000
429;Abdallah ;M;1111;52,34064674;4,957960402;Noord-Holland;1000
430;Abdel ;M;1112;52,33780189;4,957295538;Noord-Holland;1003
431;Abdelali ;M;1113;52,34776911;4,979291788;Noord-Holland;1004
432;Abdelaziz ;M;1115;52,3343201;4,940352231;Noord-Holland;1003
433;Abdelfattah ;M;1117;52,29694348;4,792483655;Noord-Holland;1000
434;Abdelghafour ;M;1118;52,29492605;4,767315812;Noord-Holland;1002
435;Abdelghani ;M;1119;52,27791058;4,745339251;Noord-Holland;1001
436;Abdelhadi ;M;1120;52,44288081;4,914716988;Noord-Holland;1003
437;Abdelhafid ;M;1121;52,43195831;4,919969314;Noord-Holland;1003
438;Abdelhak ;M;1127;52,44605485;4,910544645;Noord-Holland;1001
439;Abdelhakim ;M;1130;52,49048849;5,067333848;Noord-Holland;1002
440;Abdelhalim ;M;1131;52,49243864;5,071826845;Noord-Holland;1001
441;Abdelhamid ;M;1132;52,49757457;5,057422236;Noord-Holland;1003
442;Abdelilah ;M;1135;52,51530148;5,049531909;Noord-Holland;1002
443;Abdeljalil ;M;1140;52,45932236;5,03383111;Noord-Holland;1000
444;Abdelkader ;M;1141;52,45651217;5,04085885;Noord-Holland;1001
445;Abdelkarim ;M;1145;52,46907073;5,055394239;Noord-Holland;1001
446;Abdelkhalek ;M;1150;52,43382016;4,995969464;Noord-Holland;1003
447;Abdellah ;M;1151;52,4341579;5,000546305;Noord-Holland;1000
448;Abdellatif ;M;1153;52,42872021;5,041293443;Noord-Holland;1004
449;Abdelmajid ;M;1154;52,42110647;5,072459127;Noord-Holland;1004
450;Abdelmalek ;M;1156;52,457324;5,103363186;Noord-Holland;1004
451;Abdelmalik ;M;1160;52,38501062;4,731904315;Noord-Holland;1002
452;Abdelmounaim ;M;1161;52,38106368;4,746922274;Noord-Holland;1003
453;Abdelouahab ;M;1165;52,38311627;4,696083978;Noord-Holland;1001
454;Abdelouahed ;M;1170;52,34524698;4,778821169;Noord-Holland;1003
455;Abdelouahid ;M;1171;52,33940861;4,78463038;Noord-Holland;1002
456;Abdelrahman ;M;1175;52,35025884;4,761933929;Noord-Holland;1003
457;Abdelwahed ;Male;1180;52,32133006;4,863568233;Noord-Holland;1003
458;Abdennour ;Male;1181;52,3081721;4,870229237;Noord-Holland;1004
459;Abderrahim ;Male;1182;52,31580393;4,848130044;Noord-Holland;1003
460;Abderrahman ;Male;1183;52,3014675;4,874247928;Noord-Holland;1000
461;Abderrahmane ;Male;1184;52,30167941;4,897966946;Noord-Holland;1001
462;Abderrazak ;Male;1185;52,29111769;4,840455118;Noord-Holland;1001
463;Abdeslam ;Male;1186;52,28088119;4,864354935;Noord-Holland;1000
464;Abdessalam ;Male;1187;52,29311275;4,831086081;Noord-Holland;1004
465;Abdessamad ;Male;1188;52,27865666;4,846882272;Noord-Holland;1003
466;Abdi ;Male;1189;52,25902055;4,869899155;Noord-Holland;1004
467;Abdiaziz ;Male;1190;52,3101252;4,907279358;Noord-Holland;1002
468;Abdifatah ;Male;1191;52,29813876;4,903854161;Noord-Holland;1003
469;Abdinasir ;Male;1200;52,23093476;5,176689973;Noord-Holland;1003
470;Germen ;M;7400;52,25081457;6,16067449;Overijssel;1042
471;Geronimo ;M;7401;52,25081457;6,16067449;Overijssel;1042
472;Gerrald ;M;7411;52,25130397;6,15693722;Overijssel;1044
473;Gerrianne ;F;7412;52,26706689;6,141702119;Overijssel;1043
474;Gerridina ;F;7413;52,2575976;6,162390525;Overijssel;1044
475;Gerrie ;M;7414;52,27354703;6,15060655;Overijssel;1040
476;Gerrie ;F;7415;52,27165596;6,173238855;Overijssel;1041
477;Gerrieke ;F;7416;52,26034562;6,175510371;Overijssel;1040
478;Gerrigje ;F;7417;52,25279942;6,18882831;Overijssel;1040
479;Gerrit ;M;7418;52,23972321;6,190996258;Overijssel;1043
480;Gerrit-Jan ;M;7419;52,24825676;6,138512456;Overijssel;1043
481;Gerrita ;F;7420;52,24748057;6,193629174;Overijssel;1042
482;Gerritdina ;F;7421;52,24200273;6,229277438;Overijssel;1043
483;Gerritjan ;M;7422;52,24723294;6,213919371;Overijssel;1043
484;Gerritje ;F;7423;52,25305632;6,208322377;Overijssel;1042
485;Gerriëtte ;F;7424;52,25973133;6,214207205;Overijssel;1044
486;Gerry ;M;7425;52,26416399;6,226284154;Overijssel;1042
487;Gerry ;F;7426;52,25323279;6,241471824;Overijssel;1041
488;Gersom ;M;7427;52,25056915;6,257449201;Overijssel;1042
489;Gerson ;M;7428;52,23579464;6,248473563;Overijssel;1041
490;Gert ;M;7429;52,2475804;6,226901015;Overijssel;1043
491;Gert-Jan ;M;7430;52,28071377;6,159112324;Overijssel;1044
492;Gertine ;F;7431;52,29683949;6,144303364;Overijssel;1042
493;Gertjan ;M;7433;52,26644971;6,191621539;Overijssel;1041
494;Gertruda ;F;7434;52,27869786;6,275817964;Overijssel;1043
495;Gertrude ;F;7435;52,29377603;6,31458874;Overijssel;1041
496;Gertrudis ;F;7437;52,25249888;6,296325789;Overijssel;1044
497;Gerwin ;M;7440;52,3606572;6,461788332;Overijssel;1043
498;Gesina ;F;7441;52,36074402;6,451612727;Overijssel;1044
499;Geurt ;M;7442;52,36485631;6,461476221;Overijssel;1041
500;Geurtje ;F;7443;52,37825665;6,472538487;Overijssel;1041
501;Geziena ;F;7447;52,43195277;6,415009237;Overijssel;1043
502;Gezina ;F;7448;52,36676086;6,388229225;Overijssel;1041
503;Gezinus ;M;7450;52,28137401;6,424973444;Overijssel;1040
504;Ghislaine ;F;7451;52,28098599;6,418659735;Overijssel;1044
505;Ghita ;F;7460;52,31289643;6,512991858;Overijssel;1043
506;Ghizlan ;F;7461;52,31004509;6,527549891;Overijssel;1044
507;Ghizlane ;F;7462;52,30310917;6,508615412;Overijssel;1042
508;Giacomo ;M;7463;52,30773429;6,489301069;Overijssel;1043
509;Giada ;F;7466;52,3319777;6,504022826;Overijssel;1042
510;Gian ;M;7467;52,33887057;6,51266991;Overijssel;1041
511;Giancarlo ;M;7468;52,32365233;6,59122966;Overijssel;1042
512;Gianluca ;M;7470;52,23435976;6,593913597;Overijssel;1042
513;Gianna ;F;7471;52,23375806;6,602827731;Overijssel;1041
514;Gianne ;F;7472;52,24599418;6,601072626;Overijssel;1044
515;Gianni ;M;7475;52,1947253;6,514915002;Overijssel;1044
516;Giannina ;F;7478;52,20097516;6,560067023;Overijssel;1041
517;Gianno ;M;7480;52,1672835;6,75503236;Overijssel;1042
518;Gianny ;M;7481;52,15105687;6,73154444;Overijssel;1040
519;Giano ;M;7482;52,18166336;6,664678687;Overijssel;1043
520;Gideon ;M;7483;52,16523299;6,735414141;Overijssel;1044
521;Gidion ;M;7490;52,26256089;6,712585372;Overijssel;1041
522;Gido ;M;7491;52,26022988;6,705312828;Overijssel;1040
523;Gidon ;M;7495;52,2453176;6,694173007;Overijssel;1044
524;Giedo ;M;7496;52,20034362;6,63382871;Overijssel;1041
525;Giel ;M;7497;52,22413559;6,68229765;Overijssel;1041
526;Gies ;M;7500;52,21850446;6,893073952;Overijssel;1040
527;Gigi ;F;7503;52,21850446;6,893073952;Overijssel;1040
528;Agnetha ;F;1390;52,27302554;4,972373102;Utrecht;1010
529;Agnieszka ;F;1391;52,27224534;4,968066798;Utrecht;1010
530;Agnita ;F;1393;52,27473192;5,028012624;Utrecht;1013
531;Ahlam ;F;1396;52,24713462;4,99088247;Utrecht;1014
532;Aimen ;M;1426;52,22297457;4,817167738;Utrecht;1012
533;Aimy ;F;1427;52,22961257;4,826423591;Utrecht;1014
534;Brandy ;F;3400;52,0237086;5,040429764;Utrecht;1014
535;Branko ;M;3401;52,02712705;5,036206578;Utrecht;1013
536;Brayen ;M;3402;52,03211051;5,045440849;Utrecht;1011
537;Brayn ;M;3403;52,02570051;5,023995538;Utrecht;1010
538;Brechje ;F;3404;52,00896657;5,046109692;Utrecht;1014
539;Brecht ;M;3405;52,00638994;4,978780742;Utrecht;1013
540;Brecht ;F;3410;51,97469404;4,94783448;Utrecht;1011
541;Brechtje ;F;3411;51,97181743;4,93768423;Utrecht;1012
542;Bregje ;F;3412;51,97575284;5,023048593;Utrecht;1011
543;Bregtje ;F;3413;51,96931627;4,978402523;Utrecht;1012
544;Brend ;M;3415;51,98874803;4,883364314;Utrecht;1011
545;Brenda ;F;3417;52,04386346;4,947293415;Utrecht;1010
546;Brendan ;M;3420;52,02375994;4,871569032;Utrecht;1013
547;Brendon ;M;3421;52,03031594;4,86982663;Utrecht;1011
548;Brenna ;F;3425;52,03094309;4,884107431;Utrecht;1010
549;Brennan ;M;3430;52,03702609;5,083131862;Utrecht;1011
550;Brent ;M;3431;52,03041576;5,076668231;Utrecht;1010
551;Brett ;M;3432;52,02434287;5,094373568;Utrecht;1012
552;Brett ;F;3433;52,01906526;5,104887654;Utrecht;1011
553;Breunis ;M;3434;52,01348478;5,091804094;Utrecht;1013
554;Brian ;M;3435;52,02633263;5,075619604;Utrecht;1013
555;Brianna ;F;3436;52,03078105;5,073428961;Utrecht;1012
556;Brianne ;F;3437;52,05540101;5,07557251;Utrecht;1013
557;Bridget ;F;3438;52,03852915;5,093491563;Utrecht;1011
558;Brigit ;F;3439;52,02694232;5,099229992;Utrecht;1012
559;Brigitta ;F;3440;50,0147058;4,683021567;Utrecht;1010
560;Brigitte ;F;3441;52,08675831;4,885135799;Utrecht;1012
561;Brit ;F;3442;52,08399116;4,889610052;Utrecht;1014
562;Britney ;F;3443;52,09216832;4,86741146;Utrecht;1010
563;Britt ;F;3444;52,09563976;4,896142112;Utrecht;1010
564;Britta ;F;3445;52,0910289;4,897419803;Utrecht;1012
565;Brittany ;F;3446;52,08016995;4,904126272;Utrecht;1010
566;Britte ;F;3447;52,07628293;4,88913427;Utrecht;1011
567;Brittney ;F;3448;52,07984062;4,867644141;Utrecht;1012
568;Broer ;M;3449;52,07721959;4,829466244;Utrecht;1013
569;Brooklyn ;M;3450;52,10736641;5,012535309;Utrecht;1011
570;Brooklyn ;F;3451;52,10324382;5,011905197;Utrecht;1013
571;Bruce ;M;3452;52,09812951;4,996674916;Utrecht;1010
572;Bruna ;F;3453;52,08498112;5,00912437;Utrecht;1012
573;Bruno ;M;3454;52,08108489;5,040011649;Utrecht;1013
574;Bryan ;M;3455;52,12274105;4,999740371;Utrecht;1011
575;Bryant ;M;3460;52,05913551;4,905493171;Utrecht;1010
576;Bryce ;M;3461;52,06326731;4,910070923;Utrecht;1011
577;Btissam ;F;3464;52,03903394;4,85709609;Utrecht;1012
578;Buddy ;M;3467;52,01643928;4,808550276;Utrecht;1014
579;Buket ;F;3470;52,11017979;4,892290799;Utrecht;1014
580;Burak ;M;3471;52,1132021;4,889636194;Utrecht;1011
581;Burcu ;F;3474;52,11132413;4,83076746;Utrecht;1013
582;Burhan ;M;3480;52,08692967;4,966398872;Utrecht;1013
583;Burçin ;F;3481;52,09274358;4,954838987;Utrecht;1012
584;Buse ;F;3500;52,09304138;5,075819803;Utrecht;1014
585;Bushra ;F;3501;52,09304138;5,075819803;Utrecht;1010
586;Busra ;F;3502;52,09304138;5,075819803;Utrecht;1013
587;Buğra ;M;3503;52,09304138;5,075819803;Utrecht;1014
588;Buşra ;F;3504;52,09304138;5,075819803;Utrecht;1011
589;Byron ;M;3505;52,09304138;5,075819803;Utrecht;1014
590;Bülent ;M;3506;52,09304138;5,075819803;Utrecht;1011
591;Bünyamin ;M;3507;52,09304138;5,075819803;Utrecht;1013
592;Cliff ;M;4300;51,64988822;3,918151235;Zeeland;1032
593;Clifford ;M;4301;51,64895946;3,899622762;Zeeland;1032
594;Clifton ;M;4302;51,64447207;3,907647107;Zeeland;1033
595;Clim ;M;4303;51,65917242;3,936047329;Zeeland;1034
596;Clint ;M;4305;51,63823417;4,012330338;Zeeland;1033
597;Clinton ;M;4306;51,65214163;3,989024391;Zeeland;1030
598;Cloé ;F;4307;51,6304333;4,043724264;Zeeland;1033
599;Cloë ;F;4308;51,67256248;4,033292299;Zeeland;1031
600;Clyde ;M;4310;51,65890803;4,094705248;Zeeland;1033
601;Cléo ;F;4311;51,65970389;4,087895112;Zeeland;1032
602;Coby ;F;4315;51,69017723;3,984386938;Zeeland;1031
603;Coco ;F;4316;51,71660421;3,975937882;Zeeland;1034
604;Cody ;M;4317;51,69138876;3,937375617;Zeeland;1033
605;Coen ;M;4318;51,72379676;3,913625927;Zeeland;1033
606;Coenraad ;M;4321;51,68445974;3,895948153;Zeeland;1034
607;Coenradus ;M;4322;51,73453754;3,844846987;Zeeland;1031
608;Coert ;M;4323;51,73050038;3,816385493;Zeeland;1030
609;Colette ;F;4325;51,72849332;3,765328213;Zeeland;1033
610;Colin ;M;4326;51,71679878;3,773664327;Zeeland;1033
611;Colinda ;F;4327;51,70617646;3,815841062;Zeeland;1032
612;Colleen ;F;4328;51,67832045;3,71201337;Zeeland;1032
613;Collin ;M;4330;51,50007591;3,611828588;Zeeland;1033
614;Conchita ;F;4331;51,50188491;3,617178211;Zeeland;1031
615;Cong ;M;4332;51,50162086;3,624199073;Zeeland;1034
616;Conner ;M;4333;51,52427394;3,606130184;Zeeland;1034
617;Connie ;F;4334;51,50601829;3,591843038;Zeeland;1032
618;Connor ;M;4335;51,49627089;3,598780108;Zeeland;1032
619;Conny ;F;4336;51,48296974;3,618339838;Zeeland;1030
620;Conor ;M;4337;51,48925244;3,63050255;Zeeland;1032
621;Conrad ;M;4338;51,49907641;3,631455703;Zeeland;1032
622;Conradus ;M;4339;51,48357809;3,653408165;Zeeland;1032
623;Constance ;F;4340;51,50097455;3,676617017;Zeeland;1032
624;Constant ;M;4341;51,49951495;3,676501907;Zeeland;1034
625;Constantijn ;M;4351;51,52527449;3,645039292;Zeeland;1030
626;Constantinus ;M;4352;51,54259499;3,625271491;Zeeland;1030
627;Consuela ;F;4353;51,56087655;3,591086551;Zeeland;1030
628;Coosje ;F;4354;51,57484053;3,616019974;Zeeland;1033
629;Cor ;M;4356;51,56080699;3,55261266;Zeeland;1032
630;Cora ;F;4357;51,56134195;3,503013401;Zeeland;1034
631;Coralie ;F;4360;51,52881336;3,445237939;Zeeland;1034
632;Corbin ;M;4361;51,52875501;3,43995558;Zeeland;1031
633;Corianne ;F;4363;51,54700954;3,510362909;Zeeland;1031
634;Corien ;F;4364;51,5208768;3,558829848;Zeeland;1034
635;Corina ;F;4365;51,51362672;3,509233642;Zeeland;1034
636;Corinda ;F;4370;51,48364741;3,557368006;Zeeland;1030
637;Corine ;F;4371;51,46801141;3,555160954;Zeeland;1033
638;Corinna ;F;4373;51,49840287;3,525686931;Zeeland;1034
639;Corinne ;F;4374;51,499632;3,485481451;Zeeland;1033
640;Cornee ;M;4380;51,45597387;3,568901667;Zeeland;1034
641;Corneel ;M;4381;51,44315581;3,57643188;Zeeland;1033
642;Cornel ;M;4382;51,45084475;3,574576441;Zeeland;1031
643;Cornelia ;F;4383;51,45684331;3,565626665;Zeeland;1032
644;Cornelie ;F;4384;51,4609622;3,558596102;Zeeland;1034
645;Cornelieke ;F;4385;51,46355674;3,586910316;Zeeland;1031
646;Cornelis ;M;4386;51,46664567;3,57905776;Zeeland;1031
647;Cornelius ;M;4387;51,47071032;3,593861743;Zeeland;1032
648;Cornelus ;M;4388;51,46784823;3,607301149;Zeeland;1030
649;Corné ;M;4389;51,4478502;3,629887487;Zeeland;1033
650;Corrie ;F;4400;51,49476454;4,049873848;Zeeland;1030
651;Corrine ;F;4401;51,47832732;4,038382125;Zeeland;1030
652;Corry ;F;4411;51,41798074;4,22816402;Zeeland;1032
653;Corstiaan ;M;4413;51,42977145;4,119801798;Zeeland;1032
654;Corwin ;M;4414;51,41717677;4,069944947;Zeeland;1032
655;Courtney ;F;4415;51,44370583;4,079156102;Zeeland;1032
656;Coşkun ;M;4416;51,44142192;4,057736272;Zeeland;1031
657;Craig ;M;4417;51,44849832;4,000836322;Zeeland;1032
658;Crijn ;M;4420;52,08741024;4,65582715;Zeeland;1033
659;Cris ;M;4421;51,48331489;3,963666303;Zeeland;1033
660;Crispijn ;M;4423;51,46388128;3,997189192;Zeeland;1034
661;Crissy ;F;4424;51,51582522;3,993680797;Zeeland;1032
662;Crista ;F;4430;51,45832993;3,899349477;Zeeland;1030
663;Cristel ;F;4431;51,46229958;3,900595308;Zeeland;1034
664;Cristiaan ;M;4433;51,42609024;3,910348822;Zeeland;1034
665;Cristian ;M;4434;51,43309456;3,875428902;Zeeland;1031
666;Cristiano ;M;4435;51,40962206;3,882752203;Zeeland;1034
667;Cristina ;F;4436;51,40740548;3,852446535;Zeeland;1030
668;Aimée ;F;1428;52,22737144;4,783153075;Zuid-Holland;1019
669;Annelein ;F;2159;52,21779089;4,559649657;Zuid-Holland;1018
670;Anneli ;F;2160;52,26507926;4,559034793;Zuid-Holland;1018
671;Annelie ;F;2161;52,26149596;4,552472022;Zuid-Holland;1017
672;Annelieke ;F;2162;52,24243072;4,560881201;Zuid-Holland;1018
673;Annelien ;F;2163;52,26732816;4,554384242;Zuid-Holland;1019
674;Annelijn ;F;2170;52,22233515;4,513888647;Zuid-Holland;1018
675;Annelin ;F;2171;52,22712638;4,529309541;Zuid-Holland;1018
676;Annelinde ;F;2172;52,22626344;4,529659887;Zuid-Holland;1019
677;Anneline ;F;2180;52,30353891;4,586499116;Zuid-Holland;1015
678;Annelise ;F;2181;52,29312036;4,59488479;Zuid-Holland;1016
679;Anneloes ;F;2182;52,3116978;4,5881094;Zuid-Holland;1017
680;Annelore ;F;2190;52,30011311;4,546910234;Zuid-Holland;1015
681;Annelot ;F;2191;52,30094894;4,543019546;Zuid-Holland;1018
682;Annelotte ;F;2200;52,21838654;4,433625614;Zuid-Holland;1016
683;Annelou ;F;2201;52,23964649;4,447742045;Zuid-Holland;1017
684;Annelous ;F;2202;52,244529;4,440495502;Zuid-Holland;1015
685;Annely ;F;2203;52,23975618;4,453674516;Zuid-Holland;1019
686;Annemaria ;F;2204;52,2684476;4,468948299;Zuid-Holland;1018
687;Annemarie ;F;2210;52,26435759;4,493406546;Zuid-Holland;1016
688;Annemarieke ;F;2211;52,25693883;4,498603454;Zuid-Holland;1018
689;Annemarije ;F;2215;52,22925835;4,500279693;Zuid-Holland;1015
690;Annemarijn ;F;2220;52,20692178;4,411651637;Zuid-Holland;1017
691;Annemay ;F;2221;52,20342227;4,421464703;Zuid-Holland;1016
692;Annemie ;F;2222;52,19979701;4,430625695;Zuid-Holland;1015
693;Annemiek ;F;2223;52,18606012;4,422576802;Zuid-Holland;1018
694;Annemieke ;F;2224;52,19935755;4,409249416;Zuid-Holland;1015
695;Annemijn ;F;2225;52,20282516;4,403530144;Zuid-Holland;1019
696;Annemoon ;F;2230;52,18395122;4,446353456;Zuid-Holland;1015
697;Annerie ;F;2231;52,18238986;4,43838013;Zuid-Holland;1019
698;Annerieke ;F;2235;52,18056829;4,430134426;Zuid-Holland;1018
699;Anneroos ;F;2240;52,14098902;4,407834725;Zuid-Holland;1019
700;Annet ;F;2241;52,14221483;4,409692469;Zuid-Holland;1016
